0,1,2,3,4,5,6,7,8,9,10,11,positive_labels
# YTID,start_seconds,end_seconds,,,,,,,,,,
08KHQH9V2ak,70.0,80.0,,/t/dd00031,,,,,,,,/t/dd00031
08W-Bdnahlc,30.0,40.0,/t/dd00031,,,,,,,,,/t/dd00031
096aIn8Ct4M,30.0,40.0,,,/t/dd00031,,,,,,,/t/dd00031
09sELHcd7uI,9.0,19.0,,/t/dd00031,,,,,,,,/t/dd00031
0DfJ96OXP2k,30.0,40.0,,/t/dd00031,,,,,,,,/t/dd00031
0EJMQzV4fa8,30.0,40.0,/t/dd00031,,,,,,,,,/t/dd00031
0FC49Vn7DTo,30.0,40.0,,/t/dd00031,,,,,,,,/t/dd00031
0FUStSgi3SQ,30.0,40.0,/t/dd00031,,,,,,,,,/t/dd00031
0G9LM_FUBPE,4.0,14.0,/t/dd00031,,,,,,,,,/t/dd00031
0GgLPofU3Ic,40.0,50.0,/t/dd00031,,,,,,,,,/t/dd00031
0J4gAwC6Uxo,30.0,40.0,/t/dd00031,,,,,,,,,/t/dd00031
0JTtUm_tlos,30.0,40.0,/t/dd00031,/t/dd00035,,,,,,,,"/t/dd00031, /t/dd00035"
0JoY0RH7KMY,30.0,40.0,,,,/t/dd00031,/t/dd00035,,,,,"/t/dd00031, /t/dd00035"
0KBZNyQ7ffs,30.0,40.0,/t/dd00031,,,,,,,,,/t/dd00031
0KQfK_KkE-E,30.0,40.0,/t/dd00031,,,,,,,,,/t/dd00031
0KijuXWbE1E,30.0,40.0,,,,/t/dd00031,,,,,,/t/dd00031
0Kpbp6feTm8,30.0,40.0,/t/dd00031,,,,,,,,,/t/dd00031
0Ktyu12SEyc,30.0,40.0,,/t/dd00031,,,,,,,,/t/dd00031
0LI-9aBRrOo,30.0,40.0,,/t/dd00031,,,,,,,,/t/dd00031
0Le7mhMgIEA,30.0,40.0,,/t/dd00031,,,,,,,,/t/dd00031
0MqfAFcX-c4,30.0,40.0,,/t/dd00031,,,,,,,,/t/dd00031
0NyTgMNTzbs,30.0,40.0,/t/dd00031,,,,,,,,,/t/dd00031
0OEeZPVwrfg,30.0,40.0,,/t/dd00031,,,,,,,,/t/dd00031
0OX3a9cV4hQ,30.0,40.0,/t/dd00031,,,,,,,,,/t/dd00031
0S4GcKH5S5o,30.0,40.0,/t/dd00031,,,,,,,,,/t/dd00031
0TGeLO-gajQ,30.0,40.0,,,/t/dd00031,,,,,,,/t/dd00031
0X17eSTRvds,30.0,40.0,,/t/dd00031,,,,,,,,/t/dd00031
0Xue3N0BRaM,30.0,40.0,,/t/dd00031,,,,,,,,/t/dd00031
0Y3XwgLU64E,30.0,40.0,,,,/t/dd00031,,,,,,/t/dd00031
0YtZyiVVpL8,30.0,40.0,/t/dd00031,,,,,,,,,/t/dd00031
0ZL-SEuXzJ8,30.0,40.0,/t/dd00031,,,,,,,,,/t/dd00031
0Ztp1wom8MQ,30.0,40.0,,/t/dd00031,,,,,,,,/t/dd00031
0aXi7kaH4Ck,30.0,40.0,/t/dd00031,/t/dd00035,,,,,,,,"/t/dd00031, /t/dd00035"
0abpvTgLtVo,30.0,40.0,/t/dd00031,,,,,,,,,/t/dd00031
0aiuQvHT9Ig,30.0,40.0,,/t/dd00031,,,,,,,,/t/dd00031
0bB__SSVBK0,30.0,40.0,/t/dd00031,,,,,,,,,/t/dd00031
0d3KoIEEMa0,30.0,40.0,/t/dd00031,,,,,,,,,/t/dd00031
0dLqhKfGrVU,30.0,40.0,,/t/dd00031,,,,,,,,/t/dd00031
0eEHMmMZrHk,30.0,40.0,,/t/dd00031,,,,,,,,/t/dd00031
0fXdqA_PYEk,30.0,40.0,,/t/dd00031,,,,,,,,/t/dd00031
0ftYOGpFkhY,30.0,40.0,,/t/dd00031,,,,,,,,/t/dd00031
0g4waTKz53Q,30.0,40.0,/t/dd00031,,,,,,,,,/t/dd00031
0g9h0xf5FxU,30.0,40.0,/t/dd00031,,,,,,,,,/t/dd00031
0gaZuXI4yds,30.0,40.0,/t/dd00031,,,,,,,,,/t/dd00031
0guK6KNLg2Y,30.0,40.0,/t/dd00031,,,,,,,,,/t/dd00031
0gzGR-bz3Os,30.0,40.0,/t/dd00031,/t/dd00035,,,,,,,,"/t/dd00031, /t/dd00035"
0hI587RuS1w,30.0,40.0,,/t/dd00031,,,,,,,,/t/dd00031
0hyjvLkDMtY,30.0,40.0,/t/dd00031,,,,,,,,,/t/dd00031
0i_STZkmAcs,30.0,40.0,/t/dd00031,,,,,,,,,/t/dd00031
0icGe1RbyHM,30.0,40.0,/t/dd00031,,,,,,,,,/t/dd00031
0j8RGdyncbY,30.0,40.0,/t/dd00031,,,,,,,,,/t/dd00031
0jE1XHKwv0Q,30.0,40.0,/t/dd00031,,,,,,,,,/t/dd00031
0jRk-Vb3uyg,30.0,40.0,/t/dd00031,,,,,,,,,/t/dd00031
0jUOQ0Fw25U,30.0,40.0,,/t/dd00031,,,,,,,,/t/dd00031
0mkmRX1ojLo,30.0,40.0,/t/dd00031,,,,,,,,,/t/dd00031
0nLbCS0c25M,30.0,40.0,/t/dd00031,,,,,,,,,/t/dd00031
0nXEQHrClR0,40.0,50.0,/t/dd00031,,,,,,,,,/t/dd00031
0pk4mQKqr-c,30.0,40.0,,,,,,/t/dd00031,,,,/t/dd00031
0puWWKpSM7k,30.0,40.0,/t/dd00031,,,,,,,,,/t/dd00031
0qOyTtsMImk,30.0,40.0,/t/dd00031,,,,,,,,,/t/dd00031
0r13kc6nKng,30.0,40.0,/t/dd00031,,,,,,,,,/t/dd00031
0rmhj_W--_Y,30.0,40.0,/t/dd00031,/t/dd00035,,,,,,,,"/t/dd00031, /t/dd00035"
0sfVo3sfRjs,30.0,40.0,/t/dd00031,,,,,,,,,/t/dd00031
0smpjzGpl9M,30.0,40.0,/t/dd00031,,,,,,,,,/t/dd00031
0tKPBZtHyq4,30.0,40.0,,,/t/dd00031,,,,,,,/t/dd00031
0tnXcvHZdHA,30.0,40.0,/t/dd00031,,,,,,,,,/t/dd00031
0tvYPZdqS8k,70.0,80.0,/t/dd00031,,,,,,,,,/t/dd00031
0u_CWSUSwtc,13.0,23.0,/t/dd00031,,,,,,,,,/t/dd00031
0vL6EVoSxfA,30.0,40.0,,/t/dd00031,,,,,,,,/t/dd00031
0vTiRKNXAnE,30.0,40.0,,/t/dd00031,/t/dd00035,,,,,,,"/t/dd00031, /t/dd00035"
0vZHTpItodg,20.0,30.0,/t/dd00031,,,,,,,,,/t/dd00031
0xghF4F3eiE,30.0,40.0,/t/dd00031,/t/dd00035,,,,,,,,"/t/dd00031, /t/dd00035"
1-cE8y-UD2M,30.0,40.0,/t/dd00031,,,,,,,,,/t/dd00031
1-mlYA-QsJg,30.0,40.0,,,/t/dd00031,,,,,,,/t/dd00031
10E405EYGaQ,30.0,40.0,,,/t/dd00031,,,,,,,/t/dd00031
10EDVIKQnfA,30.0,40.0,,,/t/dd00031,,,,,,,/t/dd00031
10qWY6uDb-A,30.0,40.0,/t/dd00031,,,,,,,,,/t/dd00031
10uYkP-rdMg,30.0,40.0,/t/dd00031,,,,,,,,,/t/dd00031
11abuzJzUkA,30.0,40.0,/t/dd00031,,,,,,,,,/t/dd00031
11cJY789OqQ,30.0,40.0,,/t/dd00031,,,,,,,,/t/dd00031
157LYOp-ocE,30.0,40.0,/t/dd00031,,,,,,,,,/t/dd00031
16mOatIJT_k,30.0,40.0,,/t/dd00031,,,,,,,,/t/dd00031
17D_4u9rJHc,18.0,28.0,/t/dd00031,,,,,,,,,/t/dd00031
17I8hJv1-1g,30.0,40.0,/t/dd00031,,,,,,,,,/t/dd00031
18VFlzYYKg0,30.0,40.0,/t/dd00031,,,,,,,,,/t/dd00031
18XOqWrftQE,30.0,40.0,,/t/dd00031,,,,,,,,/t/dd00031
19E_3mktxy8,30.0,40.0,,/t/dd00031,,,,,,,,/t/dd00031
1AUDcEvrpgQ,30.0,40.0,/t/dd00031,,,,,,,,,/t/dd00031
1BybEibdV7E,30.0,40.0,,/t/dd00031,,,,,,,,/t/dd00031
1EAF631oEH0,30.0,40.0,,,,/t/dd00031,/t/dd00035,,,,,"/t/dd00031, /t/dd00035"
1FRMm8wDKVk,110.0,120.0,/t/dd00031,,,,,,,,,/t/dd00031
1FpXZLT-2aI,30.0,40.0,,/t/dd00031,/t/dd00035,,,,,,,"/t/dd00031, /t/dd00035"
1GLwNKhnwLM,30.0,40.0,/t/dd00031,,,,,,,,,/t/dd00031
1GPlq-nUNXI,50.0,60.0,/t/dd00031,,,,,,,,,/t/dd00031
1GeLysYbPRs,30.0,40.0,/t/dd00031,,,,,,,,,/t/dd00031
1Gix8_REOBM,30.0,40.0,/t/dd00031,,,,,,,,,/t/dd00031
1Gnm6kOel4A,30.0,40.0,/t/dd00031,,,,,,,,,/t/dd00031
1GrO_CXshDE,30.0,40.0,/t/dd00031,,,,,,,,,/t/dd00031
1Jbci6tNXrk,30.0,40.0,,,,/t/dd00031,,,,,,/t/dd00031
1JtRnNxm_XQ,30.0,40.0,/t/dd00031,,,,,,,,,/t/dd00031
1KBI_uko_aw,30.0,40.0,/t/dd00031,,,,,,,,,/t/dd00031
1LUKZuctLf0,30.0,40.0,/t/dd00031,,,,,,,,,/t/dd00031
1LmK9whHPMQ,30.0,40.0,/t/dd00031,,,,,,,,,/t/dd00031
1NP-loLM1Qw,180.0,190.0,/t/dd00031,,,,,,,,,/t/dd00031
1NQYEK3qPGg,30.0,40.0,,/t/dd00031,,,,,,,,/t/dd00031
1NRHk-nCIh8,30.0,40.0,/t/dd00031,,,,,,,,,/t/dd00031
1NyxDBC3ozg,30.0,40.0,/t/dd00031,,,,,,,,,/t/dd00031
1OmgO1-IzIM,30.0,40.0,/t/dd00031,,,,,,,,,/t/dd00031
1OzsQk7nBOM,30.0,40.0,/t/dd00031,,,,,,,,,/t/dd00031
1PSc0ivXL7A,30.0,40.0,/t/dd00031,,,,,,,,,/t/dd00031
1PhE5ABUyzY,30.0,40.0,,,/t/dd00031,,,,,,,/t/dd00031
1QlzKLo-Emg,30.0,40.0,/t/dd00031,,,,,,,,,/t/dd00031
1RGcDm-HMLs,30.0,40.0,/t/dd00031,,,,,,,,,/t/dd00031
1SwqQ9Hgu4Y,30.0,40.0,,,/t/dd00031,,,,,,,/t/dd00031
1UoNkjKq4K0,30.0,40.0,,/t/dd00031,,,,,,,,/t/dd00031
1YbTjkaZV7U,30.0,40.0,/t/dd00031,,,,,,,,,/t/dd00031
1Zzr6RhPE34,30.0,40.0,,,/t/dd00031,/t/dd00035,,,,,,"/t/dd00031, /t/dd00035"
1_6vNqE-rts,30.0,40.0,/t/dd00031,,,,,,,,,/t/dd00031
1_oSQS4pxIs,30.0,40.0,,/t/dd00031,,,,,,,,/t/dd00031
1aH8RM2XdeY,270.0,280.0,/t/dd00031,,,,,,,,,/t/dd00031
1bZ2m72WGc8,30.0,40.0,,/t/dd00031,,,,,,,,/t/dd00031
1ewrFOo5t1E,30.0,40.0,/t/dd00031,,,,,,,,,/t/dd00031
1fRpcb6Tq4o,30.0,40.0,,/t/dd00031,,,,,,,,/t/dd00031
1fvaVH3V6n8,30.0,40.0,,/t/dd00031,,,,,,,,/t/dd00031
1giMmLuOGNM,30.0,40.0,/t/dd00031,,,,,,,,,/t/dd00031
1gu6mHHW95E,7.0,17.0,,/t/dd00031,,,,,,,,/t/dd00031
1hEzm_Zd5GE,30.0,40.0,/t/dd00031,/t/dd00035,,,,,,,,"/t/dd00031, /t/dd00035"
1j8M58XuHmI,30.0,40.0,/t/dd00031,,,,,,,,,/t/dd00031
1lbtMS9_woo,0.0,10.0,/t/dd00031,,,,,,,,,/t/dd00031
1maj_-llZHs,30.0,40.0,/t/dd00031,,,,,,,,,/t/dd00031
1nDumvVsdqs,30.0,40.0,/t/dd00031,,,,,,,,,/t/dd00031
1oq8vNsHnZU,30.0,40.0,/t/dd00031,,,,,,,,,/t/dd00031
1ot0sfTzOVg,30.0,40.0,,,,,,,,/t/dd00031,,
1r90c3lU_fg,30.0,40.0,,/t/dd00031,,,,,,,,/t/dd00031
1u6Iu7gMMFQ,30.0,40.0,/t/dd00031,,,,,,,,,/t/dd00031
1uW8sLvnzrI,30.0,40.0,,/t/dd00031,,,,,,,,/t/dd00031
1ufoSiVfsgA,30.0,40.0,/t/dd00031,,,,,,,,,/t/dd00031
1urDicxbVI8,30.0,40.0,/t/dd00031,,,,,,,,,/t/dd00031
1zEck8RsgkQ,30.0,40.0,/t/dd00031,,,,,,,,,/t/dd00031
2-jvKF_UP1A,30.0,40.0,,,/t/dd00031,,,,,,,/t/dd00031
2-r5744yNZQ,30.0,40.0,/t/dd00031,,,,,,,,,/t/dd00031
22Hiqt-pc-o,30.0,40.0,,/t/dd00031,,,,,,,,/t/dd00031
22l03_1HViY,100.0,110.0,/t/dd00031,,,,,,,,,/t/dd00031
23MgaU1SHpM,30.0,40.0,,/t/dd00031,,,,,,,,/t/dd00031
24W4TFsmYCs,26.0,36.0,,/t/dd00031,,,,,,,,/t/dd00031
24jOCxtGiR0,30.0,40.0,/t/dd00031,,,,,,,,,/t/dd00031
25YO_SNEqos,30.0,40.0,/t/dd00031,/t/dd00034,,,,,,,,"/t/dd00031, /t/dd00034"
27JLKK1y0P8,30.0,40.0,/t/dd00031,,,,,,,,,/t/dd00031
27VJNguCLMg,30.0,40.0,/t/dd00031,,,,,,,,,/t/dd00031
27jnSL8GIcs,30.0,40.0,,,,,/t/dd00031,,,,,/t/dd00031
28T4CpxG8vU,30.0,40.0,/t/dd00031,,,,,,,,,/t/dd00031
28cS8mApYgM,30.0,40.0,,/t/dd00031,,,,,,,,/t/dd00031
2AD6HaYQXYc,30.0,40.0,/t/dd00031,,,,,,,,,/t/dd00031
2AtDA6TUQxE,30.0,40.0,/t/dd00031,,,,,,,,,/t/dd00031
2DO9phZDjXs,30.0,40.0,/t/dd00031,,,,,,,,,/t/dd00031
2Eq91VLUO4w,30.0,40.0,/t/dd00031,,,,,,,,,/t/dd00031
2F_sBV8kBYw,30.0,40.0,/t/dd00031,/t/dd00034,,,,,,,,"/t/dd00031, /t/dd00034"
2HiZydonJ6A,30.0,40.0,,/t/dd00031,,,,,,,,/t/dd00031
2IGGKWjcg9Q,50.0,60.0,/t/dd00031,,,,,,,,,/t/dd00031
2IYoEjrPcNU,30.0,40.0,,,,,,/t/dd00031,/t/dd00035,,,/t/dd00031
2JRkQw9AJ1w,30.0,40.0,,/t/dd00031,,,,,,,,/t/dd00031
2LiUkBuna14,30.0,40.0,/t/dd00031,/t/dd00035,,,,,,,,"/t/dd00031, /t/dd00035"
2MVe7flqggc,90.0,100.0,,/t/dd00031,,,,,,,,/t/dd00031
2O1qEzFLaQg,30.0,40.0,,/t/dd00031,,,,,,,,/t/dd00031
2Q6PiWlb7iw,30.0,40.0,/t/dd00031,,,,,,,,,/t/dd00031
2QZR-PCEXrY,30.0,40.0,,/t/dd00031,,,,,,,,/t/dd00031
2SL8S7rIbS8,30.0,40.0,/t/dd00031,,,,,,,,,/t/dd00031
2U2e30J0Z0Y,30.0,40.0,,,/t/dd00031,,,,,,,/t/dd00031
2WdAeXjbUn8,30.0,40.0,/t/dd00031,,,,,,,,,/t/dd00031
2Wi730CykFU,30.0,40.0,/t/dd00031,,,,,,,,,/t/dd00031
2WvGdZ-WdjQ,30.0,40.0,,,,,,/t/dd00031,,,,/t/dd00031
2XBcW8gZxw0,140.0,150.0,/t/dd00031,,,,,,,,,/t/dd00031
2YOLb7RjsKw,120.0,130.0,,,/t/dd00031,,,,,,,/t/dd00031
2Zq-lxhY0GI,30.0,40.0,/t/dd00031,,,,,,,,,/t/dd00031
2aEh9PqrKv0,30.0,40.0,,/t/dd00031,/t/dd00035,,,,,,,"/t/dd00031, /t/dd00035"
2b_uF6mKZac,30.0,40.0,,/t/dd00031,,,,,,,,/t/dd00031
2dzVovzd0pA,30.0,40.0,,/t/dd00031,,,,,,,,/t/dd00031
2emW0_pWMJ0,30.0,40.0,/t/dd00031,,,,,,,,,/t/dd00031
2gSsOAU98oY,100.0,110.0,/t/dd00031,,,,,,,,,/t/dd00031
2hJU0U9ePw0,140.0,150.0,/t/dd00031,,,,,,,,,/t/dd00031
2hodhG5fgsY,30.0,40.0,,/t/dd00031,,,,,,,,/t/dd00031
2iGxqN4pcaY,30.0,40.0,,/t/dd00031,,,,,,,,/t/dd00031
2ioRpderMK4,30.0,40.0,/t/dd00031,,,,,,,,,/t/dd00031
2jfQtiNcMts,30.0,40.0,/t/dd00031,/t/dd00035,,,,,,,,"/t/dd00031, /t/dd00035"
2m_whITza94,30.0,40.0,/t/dd00031,,,,,,,,,/t/dd00031
2o3x8iaqtzM,30.0,40.0,,/t/dd00031,,,,,,,,/t/dd00031
2o6llB90bS0,120.0,130.0,/t/dd00031,,,,,,,,,/t/dd00031
2sNRmAFDRT0,17.0,27.0,,,/t/dd00031,/t/dd00035,,,,,,"/t/dd00031, /t/dd00035"
2uZwAcabu8I,30.0,40.0,,/t/dd00031,,,,,,,,/t/dd00031
2z5w6qD5eEw,30.0,40.0,,,/t/dd00031,,,,,,,/t/dd00031
32ad3pb-RPQ,30.0,40.0,/t/dd00031,,,,,,,,,/t/dd00031
33NT_cSHUy8,30.0,40.0,/t/dd00031,,,,,,,,,/t/dd00031
34YoxBIeWto,30.0,40.0,,/t/dd00031,,,,,,,,/t/dd00031
39KYOCoPNzA,30.0,40.0,/t/dd00031,,,,,,,,,/t/dd00031
39cpK4ytBA4,30.0,40.0,/t/dd00031,,,,,,,,,/t/dd00031
3AIXbwebZoQ,30.0,40.0,/t/dd00031,,,,,,,,,/t/dd00031
3Am1I1MvZ6k,30.0,40.0,/t/dd00031,,,,,,,,,/t/dd00031
3BbF1mjLsSw,30.0,40.0,/t/dd00031,,,,,,,,,/t/dd00031
3CmeNfk627g,190.0,200.0,/t/dd00031,,,,,,,,,/t/dd00031
3H2QwIGEO8I,30.0,40.0,,,/t/dd00031,,,,,,,/t/dd00031
3H2aKqubWJY,30.0,40.0,/t/dd00031,,,,,,,,,/t/dd00031
3LIo4dAWXbU,30.0,40.0,/t/dd00031,,,,,,,,,/t/dd00031
3Li0UWUZukU,30.0,40.0,,,,/t/dd00031,,,,,,/t/dd00031
3MT8v_eq4Nk,30.0,40.0,,,,/t/dd00031,,,,,,/t/dd00031
3N95L1nPhn8,30.0,40.0,/t/dd00031,,,,,,,,,/t/dd00031
3PIaAGMD3w8,30.0,40.0,/t/dd00031,/t/dd00035,,,,,,,,"/t/dd00031, /t/dd00035"
3Q0-9nwmxPU,30.0,40.0,/t/dd00031,,,,,,,,,/t/dd00031
3QLg6R0Nc50,30.0,40.0,,/t/dd00031,,,,,,,,/t/dd00031
3STjVPX-ycE,30.0,40.0,/t/dd00031,,,,,,,,,/t/dd00031
3UKVeVUdZkk,30.0,40.0,,/t/dd00031,,,,,,,,/t/dd00031
3UQZLdnz4QY,30.0,40.0,,/t/dd00031,,,,,,,,/t/dd00031
3VFIRgbvwNc,30.0,40.0,/t/dd00031,,,,,,,,,/t/dd00031
3Wcp8qviOlo,30.0,40.0,/t/dd00031,,,,,,,,,/t/dd00031
3WmlhYkDXmo,250.0,260.0,/t/dd00031,,,,,,,,,/t/dd00031
3ZPgUgc7GcU,30.0,40.0,/t/dd00031,,,,,,,,,/t/dd00031
3aAB19pK588,30.0,40.0,/t/dd00031,,,,,,,,,/t/dd00031
3c9FcFJ0Kmg,40.0,50.0,,/t/dd00031,,,,,,,,/t/dd00031
3cu5YZ12hPU,30.0,40.0,,,/t/dd00031,,,,,,,/t/dd00031
3dUBTIvyVkw,30.0,40.0,,/t/dd00031,,,,,,,,/t/dd00031
3f67sIFe5iA,30.0,40.0,,/t/dd00031,,,,,,,,/t/dd00031
3flDVLPrTKw,30.0,40.0,,,/t/dd00031,,,,,,,/t/dd00031
3g8UQSsixZc,30.0,40.0,/t/dd00031,,,,,,,,,/t/dd00031
3gFrsV8XfHM,30.0,40.0,,/t/dd00031,,,,,,,,/t/dd00031
3jtChFFl9Wo,30.0,40.0,/t/dd00031,,,,,,,,,/t/dd00031
3kLDi5J2NJQ,30.0,40.0,/t/dd00031,,,,,,,,,/t/dd00031
3mFhIMY4bt0,20.0,30.0,,/t/dd00031,,,,,,,,/t/dd00031
3mFvaJrB0Jc,30.0,40.0,,,/t/dd00031,,,,,,,/t/dd00031
3nB463O5WAQ,70.0,80.0,/t/dd00031,,,,,,,,,/t/dd00031
3nHq8reWeCo,30.0,40.0,/t/dd00031,,,,,,,,,/t/dd00031
3q80Rhr4R9c,30.0,40.0,,/t/dd00031,,,,,,,,/t/dd00031
3sfSnl6LdIM,30.0,40.0,,,,,,/t/dd00031,/t/dd00035,,,/t/dd00031
3vBGWVVraYw,30.0,40.0,/t/dd00031,,,,,,,,,/t/dd00031
3yh0LZn4AY8,30.0,40.0,,/t/dd00031,,,,,,,,/t/dd00031
46xH1xlPQhM,30.0,40.0,,/t/dd00031,,,,,,,,/t/dd00031
483mDLRP0k4,30.0,40.0,/t/dd00031,,,,,,,,,/t/dd00031
4F9sETdxJWw,30.0,40.0,/t/dd00031,,,,,,,,,/t/dd00031
4FfYAebF6EY,110.0,120.0,/t/dd00031,,,,,,,,,/t/dd00031
4GLyi0O7ark,30.0,40.0,,/t/dd00031,,,,,,,,/t/dd00031
4H-VpQFYtBo,30.0,40.0,/t/dd00003,/t/dd00031,,,,,,,,"/t/dd00003, /t/dd00031"
4IVlF6UleyQ,30.0,40.0,/t/dd00031,,,,,,,,,/t/dd00031
4IhNcBaesHo,30.0,40.0,/t/dd00031,,,,,,,,,/t/dd00031
4JU4MEkkj9M,30.0,40.0,,/t/dd00031,,,,,,,,/t/dd00031
4KQRfyIjQAk,30.0,40.0,/t/dd00031,,,,,,,,,/t/dd00031
4LOgYmVYqVk,30.0,40.0,,/t/dd00031,,,,,,,,/t/dd00031
4Op6ym08emA,30.0,40.0,/t/dd00031,,,,,,,,,/t/dd00031
4QUz4zaWrJE,120.0,130.0,,/t/dd00031,,,,,,,,/t/dd00031
4R1Kti0gwhw,30.0,40.0,/t/dd00031,,,,,,,,,/t/dd00031
4T1trsISoG4,30.0,40.0,,/t/dd00031,,,,,,,,/t/dd00031
4UN_otA_KOU,30.0,40.0,,,,/t/dd00031,,,,,,/t/dd00031
4VrvHeZY5Ck,30.0,40.0,,/t/dd00031,,,,,,,,/t/dd00031
4Wur_yM5ECE,30.0,40.0,/t/dd00031,,,,,,,,,/t/dd00031
4X7GiIRTneM,160.0,170.0,/t/dd00031,,,,,,,,,/t/dd00031
4YQkSNPRGM4,30.0,40.0,/t/dd00031,,,,,,,,,/t/dd00031
4_brsTZLPO4,220.0,230.0,/t/dd00031,,,,,,,,,/t/dd00031
4_kdjSp8JVg,170.0,180.0,,,/t/dd00031,,,,,,,/t/dd00031
4aEgeJc2tC4,30.0,40.0,/t/dd00031,,,,,,,,,/t/dd00031
4buXStyxnaM,100.0,110.0,/t/dd00031,,,,,,,,,/t/dd00031
4eZsHCzOgkQ,170.0,180.0,,,/t/dd00031,,,,,,,/t/dd00031
4esYm0UPSN8,30.0,40.0,,/t/dd00031,,,,,,,,/t/dd00031
4fpMMxjOheI,130.0,140.0,/t/dd00031,,,,,,,,,/t/dd00031
4gIu9OSl5No,8.0,18.0,,,/t/dd00031,/t/dd00035,,,,,,"/t/dd00031, /t/dd00035"
4hrQWCKNa_4,140.0,150.0,/t/dd00031,,,,,,,,,/t/dd00031
4o4deiUPZkA,30.0,40.0,,/t/dd00031,,,,,,,,/t/dd00031
4oQBOYPkUzs,30.0,40.0,,/t/dd00031,,,,,,,,/t/dd00031
4p_DQHQSum0,30.0,40.0,,,,,/t/dd00031,,,,,/t/dd00031
4q8gq2aM6Xs,50.0,60.0,,/t/dd00031,,,,,,,,/t/dd00031
4qBX86hfH78,30.0,40.0,,,/t/dd00031,,,,,,,/t/dd00031
4t0UF24Hqf8,30.0,40.0,,,,/t/dd00031,/t/dd00035,,,,,"/t/dd00031, /t/dd00035"
4yGx6USXz0Y,10.0,20.0,/t/dd00031,,,,,,,,,/t/dd00031
4yIH9Bk973Q,30.0,40.0,/t/dd00031,,,,,,,,,/t/dd00031
4ybRMELgXLM,30.0,40.0,,/t/dd00031,,,,,,,,/t/dd00031
50J2UdYcG3o,90.0,100.0,,/t/dd00031,,,,,,,,/t/dd00031
51yUok9jXRE,30.0,40.0,,,/t/dd00031,/t/dd00035,,,,,,"/t/dd00031, /t/dd00035"
53MNW0ViWb4,30.0,40.0,/t/dd00031,,,,,,,,,/t/dd00031
53SVL2IJ2Vk,30.0,40.0,/t/dd00031,,,,,,,,,/t/dd00031
53zeLdcv0y0,30.0,40.0,/t/dd00031,,,,,,,,,/t/dd00031
557G5YW_1SA,30.0,40.0,/t/dd00031,,,,,,,,,/t/dd00031
57I20gtkqmI,30.0,40.0,,/t/dd00031,,,,,,,,/t/dd00031
58WXd054L4c,30.0,40.0,,/t/dd00031,,,,,,,,/t/dd00031
5ALI5JDaikA,50.0,60.0,/t/dd00031,,,,,,,,,/t/dd00031
5AS-cRUo-vQ,30.0,40.0,/t/dd00031,,,,,,,,,/t/dd00031
5BEdpUVRhLI,30.0,40.0,/t/dd00031,,,,,,,,,/t/dd00031
5CGWec0wUms,30.0,40.0,/t/dd00031,,,,,,,,,/t/dd00031
5CUSZlXm_bs,30.0,40.0,/t/dd00031,,,,,,,,,/t/dd00031
5DK06pWPz2k,30.0,40.0,/t/dd00031,,,,,,,,,/t/dd00031
5J0B1jD5FiY,160.0,170.0,/t/dd00031,,,,,,,,,/t/dd00031
5S9MUyg0B6Y,30.0,40.0,,/t/dd00031,,,,,,,,/t/dd00031
5VGEGg4dXLc,10.0,20.0,,/t/dd00031,,,,,,,,/t/dd00031
5VuAXHpgF0M,30.0,40.0,,,,,/t/dd00031,/t/dd00034,,,,"/t/dd00031, /t/dd00034"
5Y0pXprPxLg,30.0,40.0,,/t/dd00031,,,,,,,,/t/dd00031
5atALm5yIgY,30.0,40.0,/t/dd00031,,,,,,,,,/t/dd00031
5ccdpJUaum4,30.0,40.0,,/t/dd00031,,,,,,,,/t/dd00031
5e8QK5yFCQ0,30.0,40.0,/t/dd00031,,,,,,,,,/t/dd00031
5eA6UulW9qM,30.0,40.0,/t/dd00031,,,,,,,,,/t/dd00031
5hAc7TX4KGc,30.0,40.0,/t/dd00031,,,,,,,,,/t/dd00031
5jD10IfFuBo,40.0,50.0,/t/dd00031,,,,,,,,,/t/dd00031
5rjs8tso3bs,80.0,90.0,,/t/dd00031,,,,,,,,/t/dd00031
5ugtXFzFUUQ,30.0,40.0,,/t/dd00031,,,,,,,,/t/dd00031
5ulEnaJpv5A,170.0,180.0,/t/dd00031,,,,,,,,,/t/dd00031
5vAiCv_CcOA,30.0,40.0,,,/t/dd00031,/t/dd00034,,,,,,"/t/dd00031, /t/dd00034"
5x-4SP7nwmQ,30.0,40.0,/t/dd00031,,,,,,,,,/t/dd00031
5zr66AtPZIs,320.0,330.0,/t/dd00031,,,,,,,,,/t/dd00031
62fTcj1nRxE,17.0,27.0,/t/dd00031,,,,,,,,,/t/dd00031
6523Qad9yHc,30.0,40.0,/t/dd00031,,,,,,,,,/t/dd00031
663GY6lcRnA,30.0,40.0,/t/dd00031,,,,,,,,,/t/dd00031
683tWqpbPHc,30.0,40.0,/t/dd00031,,,,,,,,,/t/dd00031
6Bk1mt1l0Mw,30.0,40.0,/t/dd00031,,,,,,,,,/t/dd00031
6Bv-1-aYE-M,30.0,40.0,/t/dd00031,,,,,,,,,/t/dd00031
6CEh7sdCEY4,30.0,40.0,/t/dd00031,,,,,,,,,/t/dd00031
6E8Jiow8UYY,30.0,40.0,,/t/dd00031,,,,,,,,/t/dd00031
6G5NmJpvMzA,30.0,40.0,,/t/dd00031,,,,,,,,/t/dd00031
6GVJV1R9STo,30.0,40.0,,,,,/t/dd00031,,,,,/t/dd00031
6HlRrbvMg6M,30.0,40.0,/t/dd00031,,,,,,,,,/t/dd00031
6KcCQmscg7I,210.0,220.0,,/t/dd00031,,,,,,,,/t/dd00031
6NuPjYsaGBY,280.0,290.0,/t/dd00031,,,,,,,,,/t/dd00031
6Uc8X5p0grg,30.0,40.0,,,,,,,,/t/dd00031,,
6c0hvf9DO8E,30.0,40.0,,,/t/dd00031,/t/dd00035,,,,,,"/t/dd00031, /t/dd00035"
6d5mP0bzFEw,30.0,40.0,,,/t/dd00031,,,,,,,/t/dd00031
6j3RPESI5HU,30.0,40.0,/t/dd00031,,,,,,,,,/t/dd00031
6jRHWoaqrew,130.0,140.0,,/t/dd00031,,,,,,,,/t/dd00031
6juDcqdUms0,30.0,40.0,,/t/dd00031,,,,,,,,/t/dd00031
6lbdgXXvJjs,20.0,30.0,,/t/dd00031,,,,,,,,/t/dd00031
6meQH14Sqgg,30.0,40.0,,,,/t/dd00031,,,,,,/t/dd00031
6mk1GHOSS7s,160.0,170.0,/t/dd00031,,,,,,,,,/t/dd00031
6pbZ640juR0,30.0,40.0,,/t/dd00031,,,,,,,,/t/dd00031
6qHBNRmEXpI,30.0,40.0,/t/dd00031,,,,,,,,,/t/dd00031
6rSm7NMR2TQ,30.0,40.0,/t/dd00031,,,,,,,,,/t/dd00031
6vBe3mI8g44,30.0,40.0,/t/dd00031,,,,,,,,,/t/dd00031
71iiFe5b8Gw,30.0,40.0,/t/dd00031,,,,,,,,,/t/dd00031
72fTCPYGM68,30.0,40.0,,,/t/dd00031,,,,,,,/t/dd00031
73NERkccKCY,30.0,40.0,,,/t/dd00031,,,,,,,/t/dd00031
74JjtKhvd1o,30.0,40.0,/t/dd00031,,,,,,,,,/t/dd00031
758Un3WBgLs,30.0,40.0,/t/dd00031,,,,,,,,,/t/dd00031
75s60rZVIY8,30.0,40.0,/t/dd00031,,,,,,,,,/t/dd00031
78jsjP9hShE,30.0,40.0,/t/dd00031,,,,,,,,,/t/dd00031
79yKHAsD1nA,30.0,40.0,,/t/dd00031,,,,,,,,/t/dd00031
7CwkaHoITno,6.0,16.0,,/t/dd00031,,,,,,,,/t/dd00031
7ESSo5M9cH8,30.0,40.0,,/t/dd00031,,,,,,,,/t/dd00031
7GEN073P21k,180.0,190.0,/t/dd00031,,,,,,,,,/t/dd00031
7HhslG0YmSw,30.0,40.0,,/t/dd00031,/t/dd00035,,,,,,,"/t/dd00031, /t/dd00035"
7HsJ4946iKs,50.0,60.0,/t/dd00031,,,,,,,,,/t/dd00031
7M-fEZ_Fc7Y,110.0,120.0,,/t/dd00031,,,,,,,,/t/dd00031
7MtNmu_l7c4,30.0,40.0,,,/t/dd00031,,,,,,,/t/dd00031
7VGpIrz4B5I,30.0,40.0,/t/dd00031,,,,,,,,,/t/dd00031
7W2UA2H3YZo,30.0,40.0,,/t/dd00031,,,,,,,,/t/dd00031
7a4qOtJ7ehM,30.0,40.0,/t/dd00031,,,,,,,,,/t/dd00031
7bmvOKEWngs,1.0,11.0,/t/dd00031,,,,,,,,,/t/dd00031
7d1Pt2wohnQ,30.0,40.0,,,/t/dd00031,/t/dd00034,,,,,,"/t/dd00031, /t/dd00034"
7dI3zvCg0tM,30.0,40.0,,,/t/dd00031,,,,,,,/t/dd00031
7gjvh2HNfEw,30.0,40.0,,,/t/dd00031,,,,,,,/t/dd00031
7gmhDtlN_uM,30.0,40.0,,/t/dd00031,,,,,,,,/t/dd00031
7gnI3eSRzyQ,30.0,40.0,,,,/t/dd00031,,,,,,/t/dd00031
7hFjbj-OtuY,30.0,40.0,/t/dd00031,,,,,,,,,/t/dd00031
7ja8hamnuJY,30.0,40.0,,/t/dd00031,/t/dd00035,,,,,,,"/t/dd00031, /t/dd00035"
7kdXbHwmn38,30.0,40.0,,,,/t/dd00031,,,,,,/t/dd00031
7lVzuV_iaQU,30.0,40.0,,,/t/dd00031,/t/dd00035,,,,,,"/t/dd00031, /t/dd00035"
7uN2qX3cqB4,30.0,40.0,/t/dd00031,,,,,,,,,/t/dd00031
7ueCf_4tb74,30.0,40.0,/t/dd00031,,,,,,,,,/t/dd00031
7w72mjiujVc,30.0,40.0,,/t/dd00031,/t/dd00035,,,,,,,"/t/dd00031, /t/dd00035"
7y3ujUqviYE,30.0,40.0,/t/dd00031,,,,,,,,,/t/dd00031
7yXbPxKNn50,30.0,40.0,/t/dd00031,/t/dd00035,,,,,,,,"/t/dd00031, /t/dd00035"
81FCcLg5h2c,30.0,40.0,/t/dd00031,,,,,,,,,/t/dd00031
88WykvojMKg,30.0,40.0,,/t/dd00031,,,,,,,,/t/dd00031
89oSHESLSTU,30.0,40.0,,,,,/t/dd00031,,,,,/t/dd00031
8FPA_Y7sssI,30.0,40.0,,/t/dd00031,,,,,,,,/t/dd00031
8GtFUC7uyPU,120.0,130.0,/t/dd00031,,,,,,,,,/t/dd00031
8IbGLh7x7rs,30.0,40.0,,/t/dd00031,,,,,,,,/t/dd00031
8IuhrMiFVM0,30.0,40.0,,/t/dd00031,,,,,,,,/t/dd00031
8J9TeA-kJBA,30.0,40.0,,/t/dd00031,,,,,,,,/t/dd00031
8Pl6ineaAe0,160.0,170.0,,/t/dd00031,,,,,,,,/t/dd00031
8QhOxOarvdM,12.0,22.0,/t/dd00031,,,,,,,,,/t/dd00031
8RihvICsS0k,30.0,40.0,/t/dd00031,,,,,,,,,/t/dd00031
8TAmnb4cUrg,30.0,40.0,/t/dd00031,,,,,,,,,/t/dd00031
8URTzSJaVsw,30.0,40.0,,/t/dd00031,,,,,,,,/t/dd00031
8WBytAQL1uY,30.0,40.0,,/t/dd00031,,,,,,,,/t/dd00031
8ZgL8aMm87U,30.0,40.0,/t/dd00031,,,,,,,,,/t/dd00031
8ZmjHxUzsUU,30.0,40.0,,,,,,/t/dd00031,/t/dd00035,,,/t/dd00031
8aWKKh51_g4,30.0,40.0,/t/dd00031,/t/dd00035,,,,,,,,"/t/dd00031, /t/dd00035"
8cGaFi3HbXI,80.0,90.0,,,,,/t/dd00031,,,,,/t/dd00031
8ffdVTnJdKI,30.0,40.0,/t/dd00031,,,,,,,,,/t/dd00031
8hDYHKp0lg4,30.0,40.0,,/t/dd00031,,,,,,,,/t/dd00031
8k4DogAGrpw,30.0,40.0,,,/t/dd00031,,,,,,,/t/dd00031
8nuT_P1VqLU,30.0,40.0,,/t/dd00031,,,,,,,,/t/dd00031
8pwORgyM0Uc,30.0,40.0,,/t/dd00031,/t/dd00034,,,,,,,"/t/dd00031, /t/dd00034"
8qf3RqXMPyo,30.0,40.0,,/t/dd00031,,,,,,,,/t/dd00031
8rKsj6UZ8zQ,220.0,230.0,/t/dd00031,,,,,,,,,/t/dd00031
8vybHA587lg,30.0,40.0,/t/dd00031,,,,,,,,,/t/dd00031
9-Tmq2qBCmM,30.0,40.0,/t/dd00031,,,,,,,,,/t/dd00031
9-_QG-qBmRA,60.0,70.0,/t/dd00031,,,,,,,,,/t/dd00031
9-nD1nHrK3g,30.0,40.0,/t/dd00031,,,,,,,,,/t/dd00031
91Fog75UOZI,30.0,40.0,/t/dd00031,,,,,,,,,/t/dd00031
91YnR5jVEXc,26.0,36.0,,/t/dd00031,,,,,,,,/t/dd00031
91tizga1QGE,30.0,40.0,,/t/dd00031,,,,,,,,/t/dd00031
96CBwrRatn8,30.0,40.0,/t/dd00031,,,,,,,,,/t/dd00031
97Mb6q1r6Uc,30.0,40.0,/t/dd00031,/t/dd00034,,,,,,,,"/t/dd00031, /t/dd00034"
97dQz4RU5H8,70.0,80.0,/t/dd00031,,,,,,,,,/t/dd00031
998nmeedl3s,30.0,40.0,/t/dd00031,,,,,,,,,/t/dd00031
99GYfIpRX74,180.0,190.0,/t/dd00031,,,,,,,,,/t/dd00031
9CivMbnkRs4,140.0,150.0,/t/dd00031,,,,,,,,,/t/dd00031
9DA2A9vS15I,30.0,40.0,,/t/dd00031,/t/dd00035,,,,,,,"/t/dd00031, /t/dd00035"
9FST6F-2Tz8,30.0,40.0,,,/t/dd00031,,,,,,,/t/dd00031
9Jkavn-hF7I,30.0,40.0,/t/dd00031,,,,,,,,,/t/dd00031
9NGnNv_VD14,30.0,40.0,,/t/dd00031,,,,,,,,/t/dd00031
9NOrMgAQlAs,170.0,180.0,/t/dd00031,,,,,,,,,/t/dd00031
9PbVJLYTXUA,30.0,40.0,/t/dd00031,,,,,,,,,/t/dd00031
9Q25_tJZP4Q,30.0,40.0,/t/dd00031,,,,,,,,,/t/dd00031
9QI9mFOLuP8,30.0,40.0,,/t/dd00031,,,,,,,,/t/dd00031
9QUgrJpIIP4,30.0,40.0,,/t/dd00031,,,,,,,,/t/dd00031
9RyMFoPl1Zk,30.0,40.0,,/t/dd00031,,,,,,,,/t/dd00031
9T1cpsLegYQ,30.0,40.0,,/t/dd00031,,,,,,,,/t/dd00031
9WeNb8BQobw,30.0,40.0,,/t/dd00031,,,,,,,,/t/dd00031
9Yafv78YAwQ,30.0,40.0,,/t/dd00031,,,,,,,,/t/dd00031
9Yyg_ZXpeGQ,220.0,230.0,/t/dd00031,,,,,,,,,/t/dd00031
9gtEueQ8k_I,30.0,40.0,/t/dd00031,,,,,,,,,/t/dd00031
9hA71h3cLeE,30.0,40.0,,,/t/dd00031,,,,,,,/t/dd00031
9juSujEtx3k,30.0,40.0,,/t/dd00031,,,,,,,,/t/dd00031
9rQD8Trmcfs,140.0,150.0,,,/t/dd00031,,,,,,,/t/dd00031
9sI_G0Dmi3Y,30.0,40.0,/t/dd00031,,,,,,,,,/t/dd00031
9yZZMyooubE,25.0,35.0,,,/t/dd00031,/t/dd00034,,,,,,"/t/dd00031, /t/dd00034"
9zewH3txprk,30.0,40.0,/t/dd00031,/t/dd00035,,,,,,,,"/t/dd00031, /t/dd00035"
A1MPkgdz-YU,90.0,100.0,/t/dd00031,,,,,,,,,/t/dd00031
A40aIeSbr2Y,30.0,40.0,/t/dd00031,,,,,,,,,/t/dd00031
A6Q-BxJSsyw,30.0,40.0,,/t/dd00031,,,,,,,,/t/dd00031
ACd1IDladEo,30.0,40.0,/t/dd00031,,,,,,,,,/t/dd00031
ADHn8qEGXbU,30.0,40.0,,/t/dd00031,,,,,,,,/t/dd00031
AF1QPeDy3AI,30.0,40.0,/t/dd00031,,,,,,,,,/t/dd00031
AG_hRK3Zr8U,30.0,40.0,,,/t/dd00031,,,,,,,/t/dd00031
AL1UCGklhXI,30.0,40.0,/t/dd00031,,,,,,,,,/t/dd00031
AP7K8tL1jTI,30.0,40.0,/t/dd00031,,,,,,,,,/t/dd00031
ARgRP6HDfis,30.0,40.0,,,,/t/dd00031,,,,,,/t/dd00031
ATBzMIxt8-I,30.0,40.0,/t/dd00031,,,,,,,,,/t/dd00031
AWC7YQ0XtOI,30.0,40.0,/t/dd00031,,,,,,,,,/t/dd00031
AYeGWS_i-jA,13.0,23.0,/t/dd00031,,,,,,,,,/t/dd00031
AZWOHt-GuUo,30.0,40.0,/t/dd00031,,,,,,,,,/t/dd00031
AZ_aPrNqnWQ,30.0,40.0,,/t/dd00031,,,,,,,,/t/dd00031
AcBp0asj2Po,30.0,40.0,/t/dd00031,,,,,,,,,/t/dd00031
Ad0vyNGeKHE,30.0,40.0,,/t/dd00031,,,,,,,,/t/dd00031
AdigB79Ij64,30.0,40.0,,,/t/dd00031,,,,,,,/t/dd00031
AeY-sUZDSKY,230.0,240.0,/t/dd00031,,,,,,,,,/t/dd00031
AfpYILjn_VM,30.0,40.0,/t/dd00031,,,,,,,,,/t/dd00031
AgI3aYaaSFU,90.0,100.0,,,/t/dd00031,,,,,,,/t/dd00031
AhGju7lA0Ok,30.0,40.0,/t/dd00031,,,,,,,,,/t/dd00031
AiGv5ffjElI,30.0,40.0,/t/dd00031,,,,,,,,,/t/dd00031
AjjDewcGH7k,430.0,440.0,,,/t/dd00031,,,,,,,/t/dd00031
Ajn5ZHHLqUo,30.0,40.0,,,/t/dd00031,,,,,,,/t/dd00031
AmDIATLDf1s,80.0,90.0,/t/dd00031,,,,,,,,,/t/dd00031
AmKQjbiEnyk,30.0,40.0,,,,/t/dd00031,,,,,,/t/dd00031
ApUMgQQZ1Wc,30.0,40.0,,,/t/dd00031,,,,,,,/t/dd00031
Apqi7yvCVfo,100.0,110.0,/t/dd00031,,,,,,,,,/t/dd00031
As5BDSKrbic,0.0,10.0,,/t/dd00031,,,,,,,,/t/dd00031
Av1k-ESqv-k,40.0,50.0,,,,/t/dd00031,,,,,,/t/dd00031
AvacsufyK_Y,30.0,40.0,/t/dd00031,,,,,,,,,/t/dd00031
AwCFT1I6Qtw,30.0,40.0,/t/dd00031,,,,,,,,,/t/dd00031
B1sxcQ3WOS0,30.0,40.0,,,/t/dd00031,,,,,,,/t/dd00031
B20laNuvhzk,30.0,40.0,,,/t/dd00031,/t/dd00035,,,,,,"/t/dd00031, /t/dd00035"
B2FxUpoyacI,60.0,70.0,/t/dd00031,,,,,,,,,/t/dd00031
B2Wv3a2h4Gs,30.0,40.0,,/t/dd00031,,,,,,,,/t/dd00031
BBrhhFWv0h4,30.0,40.0,/t/dd00031,,,,,,,,,/t/dd00031
BH6bd9JVwtM,30.0,40.0,,,/t/dd00031,,,,,,,/t/dd00031
BLUvH0dd7Xw,30.0,40.0,/t/dd00031,,,,,,,,,/t/dd00031
BPFr14g1ZLI,30.0,40.0,,/t/dd00031,,,,,,,,/t/dd00031
BPtYfvQHqjQ,30.0,40.0,/t/dd00031,,,,,,,,,/t/dd00031
BPv0vfqH5XM,30.0,40.0,/t/dd00031,,,,,,,,,/t/dd00031
BRzG7vpyM0Q,100.0,110.0,/t/dd00031,,,,,,,,,/t/dd00031
BShiW_rNwvA,30.0,40.0,,/t/dd00031,,,,,,,,/t/dd00031
BSu6IhkI8PA,30.0,40.0,/t/dd00031,,,,,,,,,/t/dd00031
BT6h_2JGGqU,30.0,40.0,/t/dd00031,,,,,,,,,/t/dd00031
BWJBZc6v8Ug,30.0,40.0,/t/dd00031,,,,,,,,,/t/dd00031
BZ_ual2hBqY,30.0,40.0,,,,/t/dd00031,,,,,,/t/dd00031
B_BHd3aoRXk,20.0,30.0,/t/dd00031,,,,,,,,,/t/dd00031
B__2baBeG8Y,30.0,40.0,,/t/dd00031,,,,,,,,/t/dd00031
Bbbb23xPtjQ,30.0,40.0,,/t/dd00031,,,,,,,,/t/dd00031
BduTHHgeAjw,30.0,40.0,/t/dd00031,,,,,,,,,/t/dd00031
BeUWilqwLj4,30.0,40.0,,,/t/dd00031,/t/dd00035,,,,,,"/t/dd00031, /t/dd00035"
BgbBfSEml2Y,30.0,40.0,,,/t/dd00031,,,,,,,/t/dd00031
BhWrvOhpBY0,30.0,40.0,/t/dd00031,,,,,,,,,/t/dd00031
Bixqmd2cZYQ,210.0,220.0,/t/dd00031,,,,,,,,,/t/dd00031
Bj7u7piJfXc,24.0,34.0,,,/t/dd00031,,,,,,,/t/dd00031
Bkb0qjALWeo,30.0,40.0,,,/t/dd00031,,,,,,,/t/dd00031
BsoZMlGSmDc,30.0,40.0,,,,,,,,/t/dd00031,,
BtQR65wDQPM,30.0,40.0,,,,,,,,,/t/dd00031,
Bv-EGdPPiro,30.0,40.0,,/t/dd00031,,,,,,,,/t/dd00031
BvTJ9M5ay9w,70.0,80.0,/t/dd00031,,,,,,,,,/t/dd00031
BzjkVaK7cTo,30.0,40.0,,/t/dd00031,,,,,,,,/t/dd00031
C0CzJ-zgXBg,30.0,40.0,,/t/dd00031,,,,,,,,/t/dd00031
C5MZFmkpc7U,30.0,40.0,,,/t/dd00031,,,,,,,/t/dd00031
C5W8zK5gOzA,23.0,33.0,/t/dd00031,,,,,,,,,/t/dd00031
C5jn0Sx_vYQ,30.0,40.0,,/t/dd00031,,,,,,,,/t/dd00031
CC1oaI8Ke3c,30.0,40.0,,/t/dd00031,,,,,,,,/t/dd00031
CC5wPuXYK7U,30.0,40.0,/t/dd00031,,,,,,,,,/t/dd00031
CCsBnN1Tyhg,30.0,40.0,,/t/dd00031,,,,,,,,/t/dd00031
CEFSq8JGgWI,30.0,40.0,/t/dd00031,,,,,,,,,/t/dd00031
CN2LdU7iJcI,30.0,40.0,,/t/dd00031,,,,,,,,/t/dd00031
COA8w6EujjU,30.0,40.0,/t/dd00031,/t/dd00033,,,,,,,,"/t/dd00031, /t/dd00033"
CQXSGUkQxpY,50.0,60.0,,/t/dd00031,,,,,,,,/t/dd00031
CZ1Ejyej7NI,30.0,40.0,,,/t/dd00031,,,,,,,/t/dd00031
C_kLHu_KC7U,190.0,200.0,,/t/dd00031,,,,,,,,/t/dd00031
Cg56KYVrG5o,50.0,60.0,/t/dd00031,,,,,,,,,/t/dd00031
CgCBHTl1BB0,30.0,40.0,,,,/t/dd00031,,,,,,/t/dd00031
Ch2UGPXhEj8,160.0,170.0,,/t/dd00031,,,,,,,,/t/dd00031
CiAUdhej-Aw,80.0,90.0,,/t/dd00031,,,,,,,,/t/dd00031
ClWoQiFJpMc,30.0,40.0,,/t/dd00031,,,,,,,,/t/dd00031
CvMnvztqqzY,260.0,270.0,/t/dd00031,,,,,,,,,/t/dd00031
CwdS1PyKq5U,160.0,170.0,/t/dd00031,,,,,,,,,/t/dd00031
D2JrffvCQk0,30.0,40.0,/t/dd00031,,,,,,,,,/t/dd00031
D2SOD7G71MI,80.0,90.0,/t/dd00031,,,,,,,,,/t/dd00031
D8sbG3L6Xug,30.0,40.0,/t/dd00031,/t/dd00035,,,,,,,,"/t/dd00031, /t/dd00035"
DBGuKADpXLI,30.0,40.0,,,,,/t/dd00031,,,,,/t/dd00031
DELu_iZ-gGk,30.0,40.0,/t/dd00031,,,,,,,,,/t/dd00031
DG1oVwKG1Mc,30.0,40.0,,,,/t/dd00031,/t/dd00035,,,,,"/t/dd00031, /t/dd00035"
DLdDqMA88VQ,220.0,230.0,/t/dd00031,,,,,,,,,/t/dd00031
DP5drL4m6hU,10.0,20.0,,,/t/dd00031,,,,,,,/t/dd00031
DQUBLgZkEzU,100.0,110.0,/t/dd00031,,,,,,,,,/t/dd00031
DRMxqdYCuBU,30.0,40.0,,/t/dd00031,,,,,,,,/t/dd00031
DYx2BOBD5LE,30.0,40.0,/t/dd00031,,,,,,,,,/t/dd00031
DfBLYvYJDqs,170.0,180.0,,/t/dd00031,,,,,,,,/t/dd00031
Dgw_bYzQqdQ,30.0,40.0,,/t/dd00031,/t/dd00035,,,,,,,"/t/dd00031, /t/dd00035"
Dhqq9rKvglw,530.0,540.0,,/t/dd00031,,,,,,,,/t/dd00031
DopsS5Dd1Hw,130.0,140.0,/t/dd00031,,,,,,,,,/t/dd00031
DtOIL6ta47A,40.0,50.0,/t/dd00031,,,,,,,,,/t/dd00031
DztcZmNbEwk,30.0,40.0,,,,/t/dd00031,,,,,,/t/dd00031
E2u27gmIXz4,30.0,40.0,,/t/dd00031,,,,,,,,/t/dd00031
ED-aY297myw,20.0,30.0,,/t/dd00031,,,,,,,,/t/dd00031
EFyeVqsQRcU,30.0,40.0,/t/dd00031,,,,,,,,,/t/dd00031
EIuf5OgX0ek,130.0,140.0,/t/dd00031,,,,,,,,,/t/dd00031
E_l4asjEw9A,130.0,140.0,/t/dd00031,,,,,,,,,/t/dd00031
EqlF0TEdjNU,30.0,40.0,,/t/dd00031,/t/dd00035,,,,,,,"/t/dd00031, /t/dd00035"
F4etQIDn5tQ,30.0,40.0,/t/dd00031,,,,,,,,,/t/dd00031
F7xgqWF24XE,220.0,230.0,/t/dd00031,,,,,,,,,/t/dd00031
FAi_TH8Stoc,30.0,40.0,/t/dd00031,,,,,,,,,/t/dd00031
FC9SbUEuUUs,30.0,40.0,/t/dd00031,,,,,,,,,/t/dd00031
FLGy7oJqCOI,130.0,140.0,/t/dd00031,,,,,,,,,/t/dd00031
FLPDMXa5Qi0,190.0,200.0,/t/dd00031,,,,,,,,,/t/dd00031
FM_q8RtZvsY,30.0,40.0,,/t/dd00031,,,,,,,,/t/dd00031
FNjTPrKudow,30.0,40.0,,/t/dd00031,,,,,,,,/t/dd00031
FOqMqjtPM4o,140.0,150.0,,/t/dd00031,,,,,,,,/t/dd00031
FU294rY-DPU,320.0,330.0,,/t/dd00031,,,,,,,,/t/dd00031
FWFli4m0n5E,21.0,31.0,,,,,/t/dd00031,,,,,/t/dd00031
FcfjvmIoC7A,40.0,50.0,/t/dd00031,,,,,,,,,/t/dd00031
FhaW-LGmrRw,40.0,50.0,,/t/dd00031,,,,,,,,/t/dd00031
FmqzfpwPITc,30.0,40.0,/t/dd00031,,,,,,,,,/t/dd00031
FqPO5nKYX54,120.0,130.0,/t/dd00031,,,,,,,,,/t/dd00031
FtNUxPFelOg,20.0,30.0,/t/dd00031,,,,,,,,,/t/dd00031
G5seZqO8lpw,30.0,40.0,/t/dd00031,,,,,,,,,/t/dd00031
G9zTPnst33s,30.0,40.0,/t/dd00031,/t/dd00035,,,,,,,,"/t/dd00031, /t/dd00035"
GCU-eIXT3ko,180.0,190.0,/t/dd00031,,,,,,,,,/t/dd00031
GKIYnEYd3Iw,180.0,190.0,,/t/dd00031,,,,,,,,/t/dd00031
GPPBTzk1ppA,60.0,70.0,,,/t/dd00031,,,,,,,/t/dd00031
GRYod4ZxK7k,30.0,40.0,,/t/dd00031,,,,,,,,/t/dd00031
GURe16CEl2w,50.0,60.0,/t/dd00031,,,,,,,,,/t/dd00031
GZBQ38rj5gg,50.0,60.0,/t/dd00031,,,,,,,,,/t/dd00031
GdqVrFADptc,30.0,40.0,/t/dd00031,,,,,,,,,/t/dd00031
GeKC86e1kts,100.0,110.0,/t/dd00031,,,,,,,,,/t/dd00031
GibJKHFPKKA,30.0,40.0,/t/dd00031,,,,,,,,,/t/dd00031
GkYsd0jMMqk,30.0,40.0,/t/dd00031,,,,,,,,,/t/dd00031
Gmc_Wx7Ng28,30.0,40.0,,,,,,/t/dd00031,,,,/t/dd00031
GzhPFJOhQvg,570.0,580.0,,/t/dd00031,,,,,,,,/t/dd00031
GzzRKrlmlrA,70.0,80.0,/t/dd00031,,,,,,,,,/t/dd00031
H8UX7yRuaiM,560.0,570.0,,/t/dd00031,,,,,,,,/t/dd00031
HDY328Ra7Eg,120.0,130.0,/t/dd00031,,,,,,,,,/t/dd00031
HDbl5nfCUD4,30.0,40.0,/t/dd00031,,,,,,,,,/t/dd00031
HN6HYEWUN-0,170.0,180.0,/t/dd00031,,,,,,,,,/t/dd00031
HPgh868iuCI,420.0,430.0,/t/dd00031,,,,,,,,,/t/dd00031
HZ6kI55NIdw,30.0,40.0,,/t/dd00031,,,,,,,,/t/dd00031
HavsMFt7_ig,30.0,40.0,,/t/dd00031,,,,,,,,/t/dd00031
HfCFuISo4Cs,30.0,40.0,,/t/dd00031,,,,,,,,/t/dd00031
Hn2mOmMHzn4,30.0,40.0,,/t/dd00031,,,,,,,,/t/dd00031
HqcZ75oplwg,30.0,40.0,,,/t/dd00031,,,,,,,/t/dd00031
HteiZIaj8vA,30.0,40.0,/t/dd00031,/t/dd00035,,,,,,,,"/t/dd00031, /t/dd00035"
HxzdFNr17dc,30.0,40.0,,/t/dd00031,,,,,,,,/t/dd00031
I5yqOc2-evE,30.0,40.0,,,/t/dd00031,,,,,,,/t/dd00031
I9PiDlkHSkY,200.0,210.0,/t/dd00031,,,,,,,,,/t/dd00031
IC49KaxCcKA,40.0,50.0,,,,/t/dd00031,,,,,,/t/dd00031
ILzk9VCDC_g,90.0,100.0,,/t/dd00031,,,,,,,,/t/dd00031
IZgHGRzy2rI,160.0,170.0,/t/dd00031,,,,,,,,,/t/dd00031
IaxtzHOVt6E,30.0,40.0,,,,/t/dd00031,,,,,,/t/dd00031
IdqdosMtmjU,210.0,220.0,/t/dd00031,,,,,,,,,/t/dd00031
If6uMdAk7VM,30.0,40.0,,,/t/dd00031,,,,,,,/t/dd00031
IrB-UJG2b2g,60.0,70.0,,/t/dd00031,,,,,,,,/t/dd00031
IuYtwGLDozQ,30.0,40.0,,,/t/dd00031,,,,,,,/t/dd00031
IuzptCzZsno,100.0,110.0,/t/dd00031,,,,,,,,,/t/dd00031
J7DhpBLxDXU,30.0,40.0,/t/dd00031,,,,,,,,,/t/dd00031
J7Kw8ycLb6w,360.0,370.0,,/t/dd00031,,,,,,,,/t/dd00031
JBSHq4fpZgk,30.0,40.0,,/t/dd00031,,,,,,,,/t/dd00031
JCXQuMKhd9g,30.0,40.0,,,,,,/t/dd00031,/t/dd00032,,,/t/dd00031
JFjZLU3iSpI,30.0,40.0,/t/dd00031,,,,,,,,,/t/dd00031
JQxGh8LfijI,30.0,40.0,/t/dd00031,,,,,,,,,/t/dd00031
JRI6P1zvO-w,80.0,90.0,/t/dd00031,,,,,,,,,/t/dd00031
JWKQByZyg7c,7.0,17.0,,/t/dd00031,,,,,,,,/t/dd00031
JZe1-CmMtmQ,130.0,140.0,/t/dd00031,,,,,,,,,/t/dd00031
JqNU7UdhBHQ,110.0,120.0,/t/dd00031,,,,,,,,,/t/dd00031
Jqbb2qFWfLg,30.0,40.0,,,,,/t/dd00031,,,,,/t/dd00031
JrKjZvishkU,30.0,40.0,,,/t/dd00031,,,,,,,/t/dd00031
JxdPLIEfLIg,30.0,40.0,,/t/dd00031,,,,,,,,/t/dd00031
K2YHkMOeBag,130.0,140.0,,,/t/dd00031,,,,,,,/t/dd00031
K53fNUTwz0o,30.0,40.0,,,,/t/dd00031,,,,,,/t/dd00031
KC97C7ALA6M,100.0,110.0,,/t/dd00031,,,,,,,,/t/dd00031
KDOBPZHTsAQ,30.0,40.0,,/t/dd00031,,,,,,,,/t/dd00031
KI7bwbqslrM,10.0,20.0,/t/dd00031,,,,,,,,,/t/dd00031
KJNpQ06QGzk,30.0,40.0,/t/dd00031,,,,,,,,,/t/dd00031
KLXL0iVo1Ts,100.0,110.0,,/t/dd00031,,,,,,,,/t/dd00031
KSVM0d_NYjk,30.0,40.0,,/t/dd00031,,,,,,,,/t/dd00031
Kn1pfXphp-w,60.0,70.0,,,/t/dd00031,,,,,,,/t/dd00031
KquB0ssDOUg,14.0,24.0,/t/dd00031,,,,,,,,,/t/dd00031
KtCyyEYDctY,30.0,40.0,,/t/dd00031,,,,,,,,/t/dd00031
KvWtXqz58TU,30.0,40.0,/t/dd00031,,,,,,,,,/t/dd00031
KzajcML-L3E,80.0,90.0,/t/dd00031,,,,,,,,,/t/dd00031
L2Onmce_3b8,230.0,240.0,/t/dd00031,,,,,,,,,/t/dd00031
L3jJwBiY6io,30.0,40.0,,,,,/t/dd00031,/t/dd00032,,,,"/t/dd00031, /t/dd00032"
L8D1vmUPYY8,30.0,40.0,,/t/dd00031,,,,,,,,/t/dd00031
LI4gQDBCpaA,10.0,20.0,/t/dd00031,,,,,,,,,/t/dd00031
LPmBRoINQYQ,580.0,590.0,/t/dd00031,,,,,,,,,/t/dd00031
Lc3D3MEH_T4,90.0,100.0,/t/dd00031,,,,,,,,,/t/dd00031
Lhk3iupw5KE,30.0,40.0,,/t/dd00031,,,,,,,,/t/dd00031
Lk7j1mXHwIs,30.0,40.0,,,/t/dd00031,,,,,,,/t/dd00031
LrNDHVMIQ1A,140.0,150.0,/t/dd00031,,,,,,,,,/t/dd00031
Luh2oGNqALc,140.0,150.0,,/t/dd00031,,,,,,,,/t/dd00031
M4273khH2m4,30.0,40.0,/t/dd00031,,,,,,,,,/t/dd00031
M4FO0JYcutA,30.0,40.0,/t/dd00031,,,,,,,,,/t/dd00031
M4LUefTn_xw,60.0,70.0,/t/dd00031,,,,,,,,,/t/dd00031
MB-YKSqylTo,0.0,10.0,,/t/dd00031,,,,,,,,/t/dd00031
MMP97miqDuk,220.0,230.0,/t/dd00031,,,,,,,,,/t/dd00031
MWe8144BcrY,0.0,10.0,/t/dd00031,,,,,,,,,/t/dd00031
Mjutm33QgHM,30.0,40.0,,,/t/dd00031,,,,,,,/t/dd00031
Mxivhc-xd6s,30.0,40.0,/t/dd00031,/t/dd00035,,,,,,,,"/t/dd00031, /t/dd00035"
N-SWN7u3R2Y,30.0,40.0,/t/dd00031,,,,,,,,,/t/dd00031
N2bMUF8hxKg,60.0,70.0,,/t/dd00031,,,,,,,,/t/dd00031
N2mfEuJd0Rw,140.0,150.0,/t/dd00031,,,,,,,,,/t/dd00031
NAEriKozxOs,70.0,80.0,/t/dd00031,,,,,,,,,/t/dd00031
NHk_cMGG0Ec,30.0,40.0,/t/dd00031,/t/dd00035,,,,,,,,"/t/dd00031, /t/dd00035"
NP4hvgFy1c0,30.0,40.0,/t/dd00031,,,,,,,,,/t/dd00031
NX_dcphFMC8,140.0,150.0,/t/dd00031,,,,,,,,,/t/dd00031
NYu4935cfoY,18.0,28.0,/t/dd00031,,,,,,,,,/t/dd00031
NenAIIHTSno,140.0,150.0,/t/dd00031,,,,,,,,,/t/dd00031
NmXVAGQATvk,120.0,130.0,,,/t/dd00031,,,,,,,/t/dd00031
Nqt5GNZDFqk,170.0,180.0,,,/t/dd00031,,,,,,,/t/dd00031
O-nZMHd-05k,30.0,40.0,,/t/dd00031,/t/dd00035,,,,,,,"/t/dd00031, /t/dd00035"
O2Cxy0wHhkA,30.0,40.0,,/t/dd00031,,,,,,,,/t/dd00031
O3qZgmAvve4,30.0,40.0,/t/dd00031,,,,,,,,,/t/dd00031
OEwMzKNtt_U,30.0,40.0,,,/t/dd00031,,,,,,,/t/dd00031
OGk6YuK6rU8,0.0,10.0,/t/dd00031,,,,,,,,,/t/dd00031
OMDCd-ySCZU,30.0,40.0,,/t/dd00031,,,,,,,,/t/dd00031
OMM00wZBmN4,30.0,40.0,/t/dd00031,,,,,,,,,/t/dd00031
ORUJAL0Tx7g,130.0,140.0,/t/dd00031,,,,,,,,,/t/dd00031
O_4xokTM-Wc,30.0,40.0,,/t/dd00031,,,,,,,,/t/dd00031
OeVUBZyPh3w,100.0,110.0,/t/dd00031,,,,,,,,,/t/dd00031
OmvpgEwwfOQ,60.0,70.0,,/t/dd00031,,,,,,,,/t/dd00031
OrGRYiMuEB4,160.0,170.0,/t/dd00031,,,,,,,,,/t/dd00031
OwV9izKdbi4,30.0,40.0,,,/t/dd00031,,,,,,,/t/dd00031
P0EWA4zhlv8,80.0,90.0,/t/dd00031,,,,,,,,,/t/dd00031
P7k5h4e-1WM,30.0,40.0,/t/dd00031,,,,,,,,,/t/dd00031
P9MvfZQJskI,50.0,60.0,,/t/dd00031,,,,,,,,/t/dd00031
-JvB5AL59fM,30.0,40.0,,/t/dd00031,/t/dd00035,,,,,,,"/t/dd00031, /t/dd00035"
-wymN80CiYU,130.0,140.0,/t/dd00031,,,,,,,,,/t/dd00031
02Fdq2tyIWI,0.0,10.0,/t/dd00031,,,,,,,,,/t/dd00031
07FxCXxknY4,30.0,40.0,,,,,,/t/dd00031,,,,/t/dd00031
0KCVgexi4yU,30.0,40.0,,/t/dd00031,,,,,,,,/t/dd00031
2M9GSksX_ho,30.0,40.0,,/t/dd00031,,,,,,,,/t/dd00031
2U8Dvh7nwFI,30.0,40.0,/t/dd00031,,,,,,,,,/t/dd00031
2kcSUBkFbaQ,30.0,40.0,,,,/t/dd00031,,,,,,/t/dd00031
32C6w8V7TX8,30.0,40.0,,/t/dd00031,,,,,,,,/t/dd00031
3nGCfxJsVZ0,150.0,160.0,,/t/dd00031,,,,,,,,/t/dd00031
4AejyFDHP_k,30.0,40.0,,/t/dd00031,,,,,,,,/t/dd00031
4Bc9OoagYmo,80.0,90.0,/t/dd00031,,,,,,,,,/t/dd00031
4PNPgaLKFlc,150.0,160.0,/t/dd00031,,,,,,,,,/t/dd00031
5RugptvDFlw,30.0,40.0,,,,,/t/dd00031,,,,,/t/dd00031
5ZpVhmhVYoI,60.0,70.0,,/t/dd00031,,,,,,,,/t/dd00031
5fPxUI0Fl-4,30.0,40.0,,/t/dd00031,,,,,,,,/t/dd00031
6-CMq6xw0fg,30.0,40.0,/t/dd00031,,,,,,,,,/t/dd00031
6N1LWG4aztA,90.0,100.0,/t/dd00031,,,,,,,,,/t/dd00031
7WZwlOrRELI,30.0,40.0,/t/dd00031,,,,,,,,,/t/dd00031
8CkOFi2kqTM,80.0,90.0,/t/dd00031,,,,,,,,,/t/dd00031
9Qd6AdTq3Ls,30.0,40.0,/t/dd00031,,,,,,,,,/t/dd00031
9ZryMX2UtAo,20.0,30.0,/t/dd00031,,,,,,,,,/t/dd00031
A9ECxUIqw6s,30.0,40.0,/t/dd00031,,,,,,,,,/t/dd00031
AGsMCWB1tTk,30.0,40.0,/t/dd00031,,,,,,,,,/t/dd00031
AKI0VrXEDww,190.0,200.0,,/t/dd00031,,,,,,,,/t/dd00031
CulCU9U_RFA,130.0,140.0,/t/dd00031,,,,,,,,,/t/dd00031
Ddi6TwJ23-s,80.0,90.0,,,/t/dd00031,,,,,,,/t/dd00031
E1BCi5hRUUs,30.0,40.0,,/t/dd00031,,,,,,,,/t/dd00031
IWbe-NSK6Ic,30.0,40.0,/t/dd00031,,,,,,,,,/t/dd00031
KpRHRh9PaRU,330.0,340.0,/t/dd00031,,,,,,,,,/t/dd00031
KzydTOkZty8,140.0,150.0,/t/dd00031,,,,,,,,,/t/dd00031
L0oun9F67tg,30.0,40.0,,,/t/dd00031,,,,,,,/t/dd00031
N_Wx35sNqdM,80.0,90.0,/t/dd00031,,,,,,,,,/t/dd00031
OshyhWVquA0,30.0,40.0,,/t/dd00031,,,,,,,,/t/dd00031
PE1ges9nn6A,90.0,100.0,/t/dd00031,,,,,,,,,/t/dd00031
TFLt7mn57ZI,0.0,10.0,/t/dd00031,,,,,,,,,/t/dd00031
Ukb1BnEG49M,30.0,40.0,,,/t/dd00031,,,,,,,/t/dd00031
Vr7wbGcvFts,20.0,30.0,/t/dd00031,,,,,,,,,/t/dd00031
XUD-9HkQuTE,30.0,40.0,/t/dd00031,,,,,,,,,/t/dd00031
Z2D-CoLGROc,380.0,390.0,,/t/dd00031,,,,,,,,/t/dd00031
ZSHm7FdyxpQ,30.0,40.0,,,,,,,/t/dd00031,,,
ZbdmiykoJm8,70.0,80.0,/t/dd00031,,,,,,,,,/t/dd00031
ao-TFiShaWU,120.0,130.0,,,,,,,/t/dd00031,,,
e2tZmQI8ICw,230.0,240.0,/t/dd00031,,,,,,,,,/t/dd00031
eQHQWb6FCio,60.0,70.0,,/t/dd00031,,,,,,,,/t/dd00031
euAQCWBX6ns,40.0,50.0,/t/dd00031,,,,,,,,,/t/dd00031
gBuLpP4klvI,30.0,40.0,,,/t/dd00031,,,,,,,/t/dd00031
kka6zUtE3h8,130.0,140.0,/t/dd00031,,,,,,,,,/t/dd00031
ksImihlU3qM,30.0,40.0,/t/dd00031,/t/dd00032,,,,,,,,"/t/dd00031, /t/dd00032"
lV0-LMVpZLg,40.0,50.0,,,/t/dd00031,,,,,,,/t/dd00031
nBSMh7pgn2o,170.0,180.0,/t/dd00031,,,,,,,,,/t/dd00031
nt2rvdC75uY,30.0,40.0,,/t/dd00031,,,,,,,,/t/dd00031
o-xlfN7kkOA,30.0,40.0,,/t/dd00031,/t/dd00035,,,,,,,"/t/dd00031, /t/dd00035"
oSg1VJHiPOE,10.0,20.0,,,/t/dd00031,,,,,,,/t/dd00031
rGEJVUcFA2U,30.0,40.0,,,/t/dd00031,,,,,,,/t/dd00031
rOn6IPrdXUo,80.0,90.0,,/t/dd00031,,,,,,,,/t/dd00031
wBozBh7BR6k,150.0,160.0,/t/dd00031,,,,,,,,,/t/dd00031
xFHF_1FhtIo,110.0,120.0,/t/dd00031,,,,,,,,,/t/dd00031
zBxJvLTe2WQ,20.0,30.0,,,,,/t/dd00031,,,,,/t/dd00031
-8wQV7VJnmM,30.0,40.0,,/t/dd00031,,,,,,,,/t/dd00031
-jpbCWcz2pk,30.0,40.0,,/t/dd00031,,,,,,,,/t/dd00031
-mA_bqD1tgU,30.0,40.0,/t/dd00031,,,,,,,,,/t/dd00031
0khKvVDyYV4,240.0,250.0,,/t/dd00031,,,,,,,,/t/dd00031
0lIETNZ_7sg,30.0,40.0,,/t/dd00031,,,,,,,,/t/dd00031
0rNr_qnoPQ4,30.0,40.0,/t/dd00031,,,,,,,,,/t/dd00031
0vm7UpkSOnk,30.0,40.0,,/t/dd00031,,,,,,,,/t/dd00031
1-dMI6S5rLs,21.0,31.0,/t/dd00031,,,,,,,,,/t/dd00031
1O4LpU7HggY,30.0,40.0,,/t/dd00031,,,,,,,,/t/dd00031
1Rd1w7Ty1ak,160.0,170.0,/t/dd00031,,,,,,,,,/t/dd00031
2JNY2SaMk7s,30.0,40.0,/t/dd00031,,,,,,,,,/t/dd00031
2ctgUIqyaBk,20.0,30.0,/t/dd00031,,,,,,,,,/t/dd00031
2zrPFxxT1VM,30.0,40.0,,,,/t/dd00031,,,,,,/t/dd00031
3Bqu2Y8RZq4,30.0,40.0,/t/dd00031,,,,,,,,,/t/dd00031
3C-5_z01Olc,30.0,40.0,/t/dd00031,/t/dd00035,,,,,,,,"/t/dd00031, /t/dd00035"
3IYd8cCmUkQ,60.0,70.0,/t/dd00031,,,,,,,,,/t/dd00031
3VEMHWnewuc,10.0,20.0,/t/dd00031,,,,,,,,,/t/dd00031
3cjvSCrR51E,30.0,40.0,,,,,/t/dd00031,/t/dd00035,,,,"/t/dd00031, /t/dd00035"
7RtQpW2dSU4,10.0,20.0,/t/dd00031,,,,,,,,,/t/dd00031
7qaDquMlJzY,30.0,40.0,/t/dd00031,/t/dd00034,,,,,,,,"/t/dd00031, /t/dd00034"
8Yt55huZGZc,30.0,40.0,/t/dd00031,,,,,,,,,/t/dd00031
9MX842-iIuU,30.0,40.0,/t/dd00031,,,,,,,,,/t/dd00031
9QYo50tFm6w,30.0,40.0,,/t/dd00031,,,,,,,,/t/dd00031
9uToez74x_M,30.0,40.0,/t/dd00031,/t/dd00035,,,,,,,,"/t/dd00031, /t/dd00035"
9zmQwBUFwd4,0.0,10.0,,,/t/dd00031,,,,,,,/t/dd00031
BzM0qok5Cns,30.0,40.0,/t/dd00031,,,,,,,,,/t/dd00031
DACxW2-_UD0,50.0,60.0,/t/dd00031,,,,,,,,,/t/dd00031
EremEyLrdUY,170.0,180.0,/t/dd00031,,,,,,,,,/t/dd00031
I7W6-6LSQ8Y,28.0,38.0,/t/dd00031,,,,,,,,,/t/dd00031
KDuusOmEMHg,160.0,170.0,,/t/dd00031,,,,,,,,/t/dd00031
O1EmHJyz5ds,30.0,40.0,/t/dd00031,/t/dd00034,,,,,,,,"/t/dd00031, /t/dd00034"
PQXYWc3JHhU,30.0,40.0,/t/dd00031,,,,,,,,,/t/dd00031
PavuiNqxVZE,70.0,80.0,/t/dd00031,,,,,,,,,/t/dd00031
Q8X6geEBR2o,30.0,40.0,/t/dd00031,,,,,,,,,/t/dd00031
RQ0-sjpAPKU,30.0,40.0,/t/dd00031,,,,,,,,,/t/dd00031
RSmNh8gfqg8,240.0,250.0,,,/t/dd00031,,,,,,,/t/dd00031
Ur8O3h8S0K4,70.0,80.0,/t/dd00031,,,,,,,,,/t/dd00031
_6uP5AkskmE,100.0,110.0,/t/dd00031,,,,,,,,,/t/dd00031
ar4YQ_DOcyk,80.0,90.0,/t/dd00031,,,,,,,,,/t/dd00031
bf8JlTKzOs8,30.0,40.0,,/t/dd00031,,,,,,,,/t/dd00031
bxF2vxTzlvo,180.0,190.0,/t/dd00031,,,,,,,,,/t/dd00031
hrCf8rMBtA8,70.0,80.0,,/t/dd00031,,,,,,,,/t/dd00031
kjmmzA6i5rk,60.0,70.0,/t/dd00031,,,,,,,,,/t/dd00031
miolIDLT1MY,90.0,100.0,,/t/dd00031,,,,,,,,/t/dd00031
mlpTCec4igo,90.0,100.0,,,/t/dd00031,,,,,,,/t/dd00031
nYO8n62Piys,70.0,80.0,,,/t/dd00031,,,,,,,/t/dd00031
pHFHsubQVpg,50.0,60.0,/t/dd00031,,,,,,,,,/t/dd00031
pbVYSktQ5jE,30.0,40.0,,,,,/t/dd00031,,,,,/t/dd00031
piyYJ2l_h8Q,30.0,40.0,/t/dd00031,,,,,,,,,/t/dd00031
qDSvHlHbAqM,60.0,70.0,/t/dd00031,,,,,,,,,/t/dd00031
qo1-C_4kBQo,140.0,150.0,/t/dd00031,,,,,,,,,/t/dd00031
r1W1z_31Obw,120.0,130.0,/t/dd00031,,,,,,,,,/t/dd00031
sJzb2AhqkSg,140.0,150.0,/t/dd00031,,,,,,,,,/t/dd00031
suX7Cri4kAo,30.0,40.0,/t/dd00031,/t/dd00035,,,,,,,,"/t/dd00031, /t/dd00035"
svNayU6q3Dg,20.0,30.0,,/t/dd00031,,,,,,,,/t/dd00031
sytdnmy0sRs,30.0,40.0,,/t/dd00031,,,,,,,,/t/dd00031
t5P_HJrrD64,90.0,100.0,/t/dd00031,,,,,,,,,/t/dd00031
tU-6-gDelBE,30.0,40.0,/t/dd00031,,,,,,,,,/t/dd00031
tUZB_Xf1m6k,270.0,280.0,,/t/dd00031,,,,,,,,/t/dd00031
tnDUwvxQU3k,30.0,40.0,/t/dd00031,,,,,,,,,/t/dd00031
zTtZH-Q61Ik,160.0,170.0,,/t/dd00031,,,,,,,,/t/dd00031
